drop database if exists fantastic_games;
create database fantastic_games;
use fantastic_games;

-- MySQL dump 10.13  Distrib 8.0.26, for Win64 (x86_64)
--
-- Host: localhost    Database: fantastic_games
-- ------------------------------------------------------
-- Server version	8.0.26

/*!40101 SET @OLD_CHARACTER_SET_CLIENT=@@CHARACTER_SET_CLIENT */;
/*!40101 SET @OLD_CHARACTER_SET_RESULTS=@@CHARACTER_SET_RESULTS */;
/*!40101 SET @OLD_COLLATION_CONNECTION=@@COLLATION_CONNECTION */;
/*!50503 SET NAMES utf8 */;
/*!40103 SET @OLD_TIME_ZONE=@@TIME_ZONE */;
/*!40103 SET TIME_ZONE='+00:00' */;
/*!40014 SET @OLD_UNIQUE_CHECKS=@@UNIQUE_CHECKS, UNIQUE_CHECKS=0 */;
/*!40014 SET @OLD_FOREIGN_KEY_CHECKS=@@FOREIGN_KEY_CHECKS, FOREIGN_KEY_CHECKS=0 */;
/*!40101 SET @OLD_SQL_MODE=@@SQL_MODE, SQL_MODE='NO_AUTO_VALUE_ON_ZERO' */;
/*!40111 SET @OLD_SQL_NOTES=@@SQL_NOTES, SQL_NOTES=0 */;

--
-- Table structure for table `game`
--

DROP TABLE IF EXISTS `game`;
/*!40101 SET @saved_cs_client     = @@character_set_client */;
/*!50503 SET character_set_client = utf8mb4 */;
CREATE TABLE `game` (
  `game_id` int NOT NULL AUTO_INCREMENT,
  `game_name` varchar(100) NOT NULL,
  `price` decimal(9,2) NOT NULL,
  `year` int DEFAULT NULL,
  PRIMARY KEY (`game_id`)
) ENGINE=InnoDB AUTO_INCREMENT=7 DEFAULT CHARSET=utf8mb4 COLLATE=utf8mb4_0900_ai_ci;
/*!40101 SET character_set_client = @saved_cs_client */;

--
-- Dumping data for table `game`
--

LOCK TABLES `game` WRITE;
/*!40000 ALTER TABLE `game` DISABLE KEYS */;
INSERT INTO `game` VALUES (1,'Fortnite',29.99,2011),(2,'Halo',39.99,2002),(3,'Pacman',19.99,1982),(4,'Half-Life',9.99,1998),(5,'Half-Life 2',9.99,2004),(6,'Half-Life Alyx',68.99,2020);
/*!40000 ALTER TABLE `game` ENABLE KEYS */;
UNLOCK TABLES;

--
-- Table structure for table `owns`
--

DROP TABLE IF EXISTS `owns`;
/*!40101 SET @saved_cs_client     = @@character_set_client */;
/*!50503 SET character_set_client = utf8mb4 */;
CREATE TABLE `owns` (
  `game_player_id` int NOT NULL AUTO_INCREMENT,
  `game_id` int NOT NULL,
  `player_id` int NOT NULL,
  `rating` int DEFAULT NULL,
  `hours_played` int DEFAULT NULL,
  PRIMARY KEY (`game_player_id`),
  KEY `game_id` (`game_id`),
  KEY `player_id` (`player_id`),
  CONSTRAINT `owns_ibfk_1` FOREIGN KEY (`game_id`) REFERENCES `game` (`game_id`),
  CONSTRAINT `owns_ibfk_2` FOREIGN KEY (`player_id`) REFERENCES `players` (`player_id`)
) ENGINE=InnoDB AUTO_INCREMENT=8 DEFAULT CHARSET=utf8mb4 COLLATE=utf8mb4_0900_ai_ci;
/*!40101 SET character_set_client = @saved_cs_client */;

--
-- Dumping data for table `owns`
--

LOCK TABLES `owns` WRITE;
/*!40000 ALTER TABLE `owns` DISABLE KEYS */;
INSERT INTO `owns` VALUES (1,1,2,NULL,NULL),(2,1,1,NULL,NULL),(3,2,3,NULL,NULL),(4,2,1,NULL,NULL),(5,3,2,NULL,NULL),(6,3,3,NULL,NULL),(7,3,1,NULL,NULL);
/*!40000 ALTER TABLE `owns` ENABLE KEYS */;
UNLOCK TABLES;

--
-- Table structure for table `players`
--

DROP TABLE IF EXISTS `players`;
/*!40101 SET @saved_cs_client     = @@character_set_client */;
/*!50503 SET character_set_client = utf8mb4 */;
CREATE TABLE `players` (
  `player_id` int NOT NULL AUTO_INCREMENT,
  `player_name` varchar(100) NOT NULL,
  `player_age` int DEFAULT NULL,
  PRIMARY KEY (`player_id`)
) ENGINE=InnoDB AUTO_INCREMENT=4 DEFAULT CHARSET=utf8mb4 COLLATE=utf8mb4_0900_ai_ci;
/*!40101 SET character_set_client = @saved_cs_client */;

--
-- Dumping data for table `players`
--

LOCK TABLES `players` WRITE;
/*!40000 ALTER TABLE `players` DISABLE KEYS */;
INSERT INTO `players` VALUES (1,'David',49),(2,'Rebecca',42),(3,'Jack',7);
/*!40000 ALTER TABLE `players` ENABLE KEYS */;
UNLOCK TABLES;
/*!40103 SET TIME_ZONE=@OLD_TIME_ZONE */;

/*!40101 SET SQL_MODE=@OLD_SQL_MODE */;
/*!40014 SET FOREIGN_KEY_CHECKS=@OLD_FOREIGN_KEY_CHECKS */;
/*!40014 SET UNIQUE_CHECKS=@OLD_UNIQUE_CHECKS */;
/*!40101 SET CHARACTER_SET_CLIENT=@OLD_CHARACTER_SET_CLIENT */;
/*!40101 SET CHARACTER_SET_RESULTS=@OLD_CHARACTER_SET_RESULTS */;
/*!40101 SET COLLATION_CONNECTION=@OLD_COLLATION_CONNECTION */;
/*!40111 SET SQL_NOTES=@OLD_SQL_NOTES */;

-- Dump completed on 2022-01-13 11:04:14
